<?xml version="1.0"?>
<!--<!DOCTYPE metadata SYSTEM "http://www.esri.com/metadata/esriprof80.dtd">-->
<metadata xml:lang="en"><Esri><MetaID>{AA55B61E-4F03-4815-8BC9-3CBB3E43272D}</MetaID><CreaDate>20090903</CreaDate><CreaTime>15154200</CreaTime><SyncOnce>FALSE</SyncOnce><SyncDate>20090926</SyncDate><SyncTime>17401700</SyncTime><ModDate>20090926</ModDate><ModTime>17401700</ModTime><DataProperties><lineage><Process ToolSource="C:\Program Files\ArcGIS\ArcToolbox\Toolboxes\Conversion Tools.tbx\FeatureClassToFeatureClass" Date="20090903" Time="151544">FeatureClassToFeatureClass D:\Data\Vietnamese_GIS_data\VN_administration.gdb\District D:\Data\Vietnamese_GIS_data\VN_administration.gdb\data District_1 # "Province_name 'Province_name' true true false 24 Text 0 0 ,First,#,D:\Data\Vietnamese_GIS_data\VN_administration.gdb\District,Province_name,-1,-1;District_name 'District_name' true true false 24 Text 0 0 ,First,#,D:\Data\Vietnamese_GIS_data\VN_administration.gdb\District,District_name,-1,-1;District_code 'District_code' true true false 4 Long 0 0 ,First,#,D:\Data\Vietnamese_GIS_data\VN_administration.gdb\District,District_code,-1,-1;District_area 'District_area' true true false 8 Double 0 0 ,First,#,D:\Data\Vietnamese_GIS_data\VN_administration.gdb\District,District_area,-1,-1;Population_density 'Population_density' true true false 8 Double 0 0 ,First,#,D:\Data\Vietnamese_GIS_data\VN_administration.gdb\District,Population_density,-1,-1;Households 'Households' true true false 8 Double 0 0 ,First,#,D:\Data\Vietnamese_GIS_data\VN_administration.gdb\District,Households,-1,-1;Province_name_Vietnamese 'Province_name_Vietnamese' true true false 50 Text 0 0 ,First,#,D:\Data\Vietnamese_GIS_data\VN_administration.gdb\District,Province_name_Vietnamese,-1,-1;District_name_Vietnamese 'District_name_Vietnamese' true true false 50 Text 0 0 ,First,#,D:\Data\Vietnamese_GIS_data\VN_administration.gdb\District,District_name_Vietnamese,-1,-1;Shape_Length 'Shape_Length' false true true 8 Double 0 0 ,First,#,D:\Data\Vietnamese_GIS_data\VN_administration.gdb\District,Shape_Length,-1,-1;Shape_Area 'Shape_Area' false true true 8 Double 0 0 ,First,#,D:\Data\Vietnamese_GIS_data\VN_administration.gdb\District,Shape_Area,-1,-1" # D:\Data\Vietnamese_GIS_data\VN_administration.gdb\data\District_1</Process><Process ToolSource="C:\Program Files\ArcGIS\ArcToolbox\Toolboxes\Conversion Tools.tbx\FeatureClassToFeatureClass" Date="20090926" Time="174017">FeatureClassToFeatureClass D:\DH-MODIACHAT\Vietnamese_GIS_data\VN_administration.gdb\data\District_1 D:\DH-MODIACHAT\Caohoc huyen.shp # "Province_n 'Province_n' true true false 24 Text 0 0 ,First,#,D:\DH-MODIACHAT\Vietnamese_GIS_data\VN_administration.gdb\data\District_1,Province_name,-1,-1;District_n 'District_n' true true false 24 Text 0 0 ,First,#,D:\DH-MODIACHAT\Vietnamese_GIS_data\VN_administration.gdb\data\District_1,District_name,-1,-1;District_c 'District_c' true true false 4 Long 0 0 ,First,#,D:\DH-MODIACHAT\Vietnamese_GIS_data\VN_administration.gdb\data\District_1,District_code,-1,-1;District_a 'District_a' true true false 8 Double 0 0 ,First,#,D:\DH-MODIACHAT\Vietnamese_GIS_data\VN_administration.gdb\data\District_1,District_area,-1,-1;Population 'Population' true true false 8 Double 0 0 ,First,#,D:\DH-MODIACHAT\Vietnamese_GIS_data\VN_administration.gdb\data\District_1,Population_density,-1,-1;Households 'Households' true true false 8 Double 0 0 ,First,#,D:\DH-MODIACHAT\Vietnamese_GIS_data\VN_administration.gdb\data\District_1,Households,-1,-1;Province_1 'Province_1' true true false 50 Text 0 0 ,First,#,D:\DH-MODIACHAT\Vietnamese_GIS_data\VN_administration.gdb\data\District_1,Province_name_Vietnamese,-1,-1;District_1 'District_1' true true false 50 Text 0 0 ,First,#,D:\DH-MODIACHAT\Vietnamese_GIS_data\VN_administration.gdb\data\District_1,District_name_Vietnamese,-1,-1;Shape_Leng 'Shape_Length' false true true 8 Double 0 0 ,First,#,D:\DH-MODIACHAT\Vietnamese_GIS_data\VN_administration.gdb\data\District_1,Shape_Length,-1,-1;Shape_Area 'Shape_Area' false true true 8 Double 0 0 ,First,#,D:\DH-MODIACHAT\Vietnamese_GIS_data\VN_administration.gdb\data\District_1,Shape_Area,-1,-1" # D:\DH-MODIACHAT\Caohoc\huyen.shp</Process></lineage></DataProperties></Esri><idinfo><native Sync="TRUE">Microsoft Windows XP Version 5.1 (Build 2600) Service Pack 3; ESRI ArcCatalog 9.3.1.3000</native><descript><langdata Sync="TRUE">en</langdata><abstract>REQUIRED: A brief narrative summary of the data set.</abstract><purpose>REQUIRED: A summary of the intentions with which the data set was developed.</purpose></descript><citation><citeinfo><origin>REQUIRED: The name of an organization or individual that developed the data set.</origin><pubdate>REQUIRED: The date when the data set is published or otherwise made available for release.</pubdate><title Sync="TRUE">huyen</title><ftname Sync="TRUE">huyen</ftname><geoform Sync="TRUE">vector digital data</geoform><onlink Sync="TRUE">\\HUONG-PC\D$\DH-MODIACHAT\Caohoc\huyen.shp</onlink></citeinfo></citation><timeperd><current>REQUIRED: The basis on which the time period of content information is determined.</current><timeinfo><sngdate><caldate>REQUIRED: The year (and optionally month, or month and day) for which the data set corresponds to the ground.</caldate></sngdate></timeinfo></timeperd><status><progress>REQUIRED: The state of the data set.</progress><update>REQUIRED: The frequency with which changes and additions are made to the data set after the initial data set is completed.</update></status><spdom><bounding><westbc Sync="TRUE">REQUIRED: Western-most coordinate of the limit of coverage expressed in longitude.</westbc><eastbc Sync="TRUE">REQUIRED: Eastern-most coordinate of the limit of coverage expressed in longitude.</eastbc><northbc Sync="TRUE">REQUIRED: Northern-most coordinate of the limit of coverage expressed in latitude.</northbc><southbc Sync="TRUE">REQUIRED: Southern-most coordinate of the limit of coverage expressed in latitude.</southbc></bounding></spdom><keywords><theme><themekt>REQUIRED: Reference to a formally registered thesaurus or a similar authoritative source of theme keywords.</themekt><themekey>REQUIRED: Common-use word or phrase used to describe the subject of the data set.</themekey></theme></keywords><accconst>REQUIRED: Restrictions and legal prerequisites for accessing the data set.</accconst><useconst>REQUIRED: Restrictions and legal prerequisites for using the data set after access is granted.</useconst><natvform Sync="TRUE">Shapefile</natvform></idinfo><dataIdInfo><envirDesc Sync="TRUE">Microsoft Windows XP Version 5.1 (Build 2600) Service Pack 3; ESRI ArcCatalog 9.3.1.3000</envirDesc><dataLang><languageCode Sync="TRUE" value="en"></languageCode></dataLang><idCitation><resTitle Sync="TRUE">huyen</resTitle><presForm><PresFormCd Sync="TRUE" value="005"></PresFormCd></presForm></idCitation><spatRpType><SpatRepTypCd Sync="TRUE" value="001"></SpatRepTypCd></spatRpType></dataIdInfo><metainfo><langmeta Sync="TRUE">en</langmeta><metstdn Sync="TRUE">FGDC Content Standards for Digital Geospatial Metadata</metstdn><metstdv Sync="TRUE">FGDC-STD-001-1998</metstdv><mettc Sync="TRUE">local time</mettc><metc><cntinfo><cntorgp><cntper>REQUIRED: The person responsible for the metadata information.</cntper><cntorg>REQUIRED: The organization responsible for the metadata information.</cntorg></cntorgp><cntaddr><addrtype>REQUIRED: The mailing and/or physical address for the organization or individual.</addrtype><city>REQUIRED: The city of the address.</city><state>REQUIRED: The state or province of the address.</state><postal>REQUIRED: The ZIP or other postal code of the address.</postal></cntaddr><cntvoice>REQUIRED: The telephone number by which individuals can speak to the organization or individual.</cntvoice></cntinfo></metc><metd Sync="TRUE">20090926</metd><metextns><onlink Sync="TRUE">http://www.esri.com/metadata/esriprof80.html</onlink><metprof Sync="TRUE">ESRI Metadata Profile</metprof></metextns></metainfo><mdLang><languageCode Sync="TRUE" value="en"></languageCode></mdLang><mdStanName Sync="TRUE">ISO 19115 Geographic Information - Metadata</mdStanName><mdStanVer Sync="TRUE">DIS_ESRI1.0</mdStanVer><mdChar><CharSetCd Sync="TRUE" value="004"></CharSetCd></mdChar><mdHrLv><ScopeCd Sync="TRUE" value="005"></ScopeCd></mdHrLv><mdHrLvName Sync="TRUE">dataset</mdHrLvName><distinfo><resdesc Sync="TRUE">Downloadable Data</resdesc><stdorder><digform><digtinfo><transize Sync="TRUE">0.000</transize><dssize Sync="TRUE">0.000</dssize></digtinfo></digform></stdorder></distinfo><distInfo><distributor><distorTran><onLineSrc><orDesc Sync="TRUE">002</orDesc><linkage Sync="TRUE">file://\\HUONG-PC\D$\DH-MODIACHAT\Caohoc\huyen.shp</linkage><protocol Sync="TRUE">Local Area Network</protocol></onLineSrc><transSize Sync="TRUE">0.000</transSize></distorTran><distorFormat><formatName Sync="TRUE">Shapefile</formatName></distorFormat></distributor></distInfo><spdoinfo><direct Sync="TRUE">Vector</direct><ptvctinf><esriterm Name="huyen"><efeatyp Sync="TRUE">Simple</efeatyp><efeageom Sync="TRUE">Polygon</efeageom><esritopo Sync="TRUE">FALSE</esritopo><efeacnt Sync="TRUE">0</efeacnt><spindex Sync="TRUE">FALSE</spindex><linrefer Sync="TRUE">FALSE</linrefer></esriterm><sdtsterm Name="huyen"><sdtstype Sync="TRUE">G-polygon</sdtstype><ptvctcnt Sync="TRUE">0</ptvctcnt></sdtsterm></ptvctinf></spdoinfo><spref><horizsys><cordsysn><geogcsn Sync="TRUE">GCS_VN_2000</geogcsn><projcsn Sync="TRUE">VN_2000_UTM_Zone_48N</projcsn></cordsysn><planar><planci><plance Sync="TRUE">coordinate pair</plance><plandu Sync="TRUE">meters</plandu><coordrep><absres Sync="TRUE">0.000000</absres><ordres Sync="TRUE">0.000000</ordres></coordrep></planci><mapproj><mapprojn Sync="TRUE">Transverse Mercator</mapprojn><transmer><sfctrmer Sync="TRUE">0.999600</sfctrmer><longcm Sync="TRUE">105.000000</longcm><latprjo Sync="TRUE">0.000000</latprjo><feast Sync="TRUE">500000.000000</feast><fnorth Sync="TRUE">0.000000</fnorth></transmer></mapproj></planar><geodetic><horizdn Sync="TRUE">D_Vietnam_2000</horizdn><ellips Sync="TRUE">WGS_1984</ellips><semiaxis Sync="TRUE">6378137.000000</semiaxis><denflat Sync="TRUE">298.257224</denflat></geodetic></horizsys><vertdef><altsys><altenc Sync="TRUE">Explicit elevation coordinate included with horizontal coordinates</altenc><altres Sync="TRUE">0.000100</altres></altsys></vertdef></spref><refSysInfo><RefSystem><refSysID><identCode Sync="TRUE">VN_2000_UTM_Zone_48N</identCode></refSysID></RefSystem></refSysInfo><spatRepInfo><VectSpatRep><topLvl><TopoLevCd Sync="TRUE" value="001"></TopoLevCd></topLvl><geometObjs Name="huyen"><geoObjTyp><GeoObjTypCd Sync="TRUE" value="001"></GeoObjTypCd></geoObjTyp><geoObjCnt Sync="TRUE">0</geoObjCnt></geometObjs></VectSpatRep></spatRepInfo><eainfo><detailed Name="huyen"><enttyp><enttypl Sync="TRUE">huyen</enttypl><enttypt Sync="TRUE">Feature Class</enttypt><enttypc Sync="TRUE">0</enttypc></enttyp><attr><attrlabl Sync="TRUE">FID</attrlabl><attalias Sync="TRUE">FID</attalias><attrtype Sync="TRUE">OID</attrtype><attwidth Sync="TRUE">4</attwidth><atprecis Sync="TRUE">0</atprecis><attscale Sync="TRUE">0</attscale><attrdef Sync="TRUE">Internal feature number.</attrdef><attrdefs Sync="TRUE">ESRI</attrdefs><attrdomv><udom Sync="TRUE">Sequential unique whole numbers that are automatically generated.</udom></attrdomv></attr><attr><attrlabl Sync="TRUE">Shape</attrlabl><attalias Sync="TRUE">Shape</attalias><attrtype Sync="TRUE">Geometry</attrtype><attwidth Sync="TRUE">0</attwidth><atprecis Sync="TRUE">0</atprecis><attscale Sync="TRUE">0</attscale><attrdef Sync="TRUE">Feature geometry.</attrdef><attrdefs Sync="TRUE">ESRI</attrdefs><attrdomv><udom Sync="TRUE">Coordinates defining the features.</udom></attrdomv></attr><attr><attrlabl Sync="TRUE">Province_n</attrlabl><attalias Sync="TRUE">Province_n</attalias><attrtype Sync="TRUE">String</attrtype><attwidth Sync="TRUE">24</attwidth></attr><attr><attrlabl Sync="TRUE">District_n</attrlabl><attalias Sync="TRUE">District_n</attalias><attrtype Sync="TRUE">String</attrtype><attwidth Sync="TRUE">24</attwidth></attr><attr><attrlabl Sync="TRUE">District_c</attrlabl><attalias Sync="TRUE">District_c</attalias><attrtype Sync="TRUE">Number</attrtype><attwidth Sync="TRUE">9</attwidth></attr><attr><attrlabl Sync="TRUE">District_a</attrlabl><attalias Sync="TRUE">District_a</attalias><attrtype Sync="TRUE">Float</attrtype><attwidth Sync="TRUE">19</attwidth><atnumdec Sync="TRUE">11</atnumdec></attr><attr><attrlabl Sync="TRUE">Population</attrlabl><attalias Sync="TRUE">Population</attalias><attrtype Sync="TRUE">Float</attrtype><attwidth Sync="TRUE">19</attwidth><atnumdec Sync="TRUE">11</atnumdec></attr><attr><attrlabl Sync="TRUE">Households</attrlabl><attalias Sync="TRUE">Households</attalias><attrtype Sync="TRUE">Float</attrtype><attwidth Sync="TRUE">19</attwidth><atnumdec Sync="TRUE">11</atnumdec></attr><attr><attrlabl Sync="TRUE">Province_1</attrlabl><attalias Sync="TRUE">Province_1</attalias><attrtype Sync="TRUE">String</attrtype><attwidth Sync="TRUE">50</attwidth></attr><attr><attrlabl Sync="TRUE">District_1</attrlabl><attalias Sync="TRUE">District_1</attalias><attrtype Sync="TRUE">String</attrtype><attwidth Sync="TRUE">50</attwidth></attr><attr><attrlabl Sync="TRUE">Shape_Leng</attrlabl><attalias Sync="TRUE">Shape_Leng</attalias><attrtype Sync="TRUE">Float</attrtype><attwidth Sync="TRUE">19</attwidth><atnumdec Sync="TRUE">11</atnumdec></attr><attr><attrlabl Sync="TRUE">Shape_Area</attrlabl><attalias Sync="TRUE">Shape_Area</attalias><attrtype Sync="TRUE">Float</attrtype><attwidth Sync="TRUE">19</attwidth><attrdef Sync="TRUE">Area of feature in internal units squared.</attrdef><attrdefs Sync="TRUE">ESRI</attrdefs><attrdomv><udom Sync="TRUE">Positive real numbers that are automatically generated.</udom></attrdomv><atnumdec Sync="TRUE">11</atnumdec></attr></detailed></eainfo><mdDateSt Sync="TRUE">20090926</mdDateSt></metadata>
