<?xml version="1.0"?>
<!--<!DOCTYPE metadata SYSTEM "http://www.esri.com/metadata/esriprof80.dtd">-->
<metadata xml:lang="en"><Esri><MetaID>{2B91EDF8-3206-4C9B-A493-9F3B62F0EAE5}</MetaID><CreaDate>20081225</CreaDate><CreaTime>10134900</CreaTime><SyncOnce>FALSE</SyncOnce><SyncDate>20091028</SyncDate><SyncTime>11315900</SyncTime><ModDate>20091028</ModDate><ModTime>11315900</ModTime><DataProperties><lineage><Process ToolSource="C:\Program Files\ArcGIS\ArcToolbox\Toolboxes\Conversion Tools.tbx\FeatureClassToFeatureClass" Date="20090903" Time="151507">FeatureClassToFeatureClass D:\Data\Vietnamese_GIS_data\VN_administration.gdb\Province D:\Data\Vietnamese_GIS_data\VN_administration.gdb\data province_1 # "Province_name 'Province_name' true true false 30 Text 0 0 ,First,#,D:\Data\Vietnamese_GIS_data\VN_administration.gdb\Province,Province_name,-1,-1;Population 'Population' true true false 4 Long 0 0 ,First,#,D:\Data\Vietnamese_GIS_data\VN_administration.gdb\Province,Population,-1,-1;Province_area 'Province_area' true true false 8 Double 0 0 ,First,#,D:\Data\Vietnamese_GIS_data\VN_administration.gdb\Province,Province_area,-1,-1;Shape_Length 'Shape_Length' false true true 8 Double 0 0 ,First,#,D:\Data\Vietnamese_GIS_data\VN_administration.gdb\Province,Shape_Length,-1,-1;Shape_Area 'Shape_Area' false true true 8 Double 0 0 ,First,#,D:\Data\Vietnamese_GIS_data\VN_administration.gdb\Province,Shape_Area,-1,-1;Province_name_vietnamese 'Province_name_vietnamese' true true false 50 Text 0 0 ,First,#,D:\Data\Vietnamese_GIS_data\VN_administration.gdb\Province,Province_name_vietnamese,-1,-1;Province_code 'Province_code' true true false 2 Short 0 0 ,First,#,D:\Data\Vietnamese_GIS_data\VN_administration.gdb\Province,Province_code,-1,-1;Province_Web 'Province_Web' true true false 100 Text 0 0 ,First,#,D:\Data\Vietnamese_GIS_data\VN_administration.gdb\Province,Province_Web,-1,-1" # D:\Data\Vietnamese_GIS_data\VN_administration.gdb\data\province_1</Process><Process ToolSource="C:\Program Files\ArcGIS\ArcToolbox\Toolboxes\Conversion Tools.tbx\FeatureClassToFeatureClass" Date="20090926" Time="174110">FeatureClassToFeatureClass D:\DH-MODIACHAT\Vietnamese_GIS_data\VN_administration.gdb\data\province_1 D:\DH-MODIACHAT\Caohoc Tinh.shp # "Province_n 'Province_n' true true false 30 Text 0 0 ,First,#,D:\DH-MODIACHAT\Vietnamese_GIS_data\VN_administration.gdb\data\province_1,Province_name,-1,-1;Population 'Population' true true false 4 Long 0 0 ,First,#,D:\DH-MODIACHAT\Vietnamese_GIS_data\VN_administration.gdb\data\province_1,Population,-1,-1;Province_a 'Province_a' true true false 8 Double 0 0 ,First,#,D:\DH-MODIACHAT\Vietnamese_GIS_data\VN_administration.gdb\data\province_1,Province_area,-1,-1;Province_1 'Province_1' true true false 50 Text 0 0 ,First,#,D:\DH-MODIACHAT\Vietnamese_GIS_data\VN_administration.gdb\data\province_1,Province_name_vietnamese,-1,-1;Province_c 'Province_c' true true false 2 Short 0 0 ,First,#,D:\DH-MODIACHAT\Vietnamese_GIS_data\VN_administration.gdb\data\province_1,Province_code,-1,-1;Province_W 'Province_W' true true false 100 Text 0 0 ,First,#,D:\DH-MODIACHAT\Vietnamese_GIS_data\VN_administration.gdb\data\province_1,Province_Web,-1,-1;Shape_Leng 'Shape_Length' false true true 8 Double 0 0 ,First,#,D:\DH-MODIACHAT\Vietnamese_GIS_data\VN_administration.gdb\data\province_1,Shape_Length,-1,-1;Shape_Area 'Shape_Area' false true true 8 Double 0 0 ,First,#,D:\DH-MODIACHAT\Vietnamese_GIS_data\VN_administration.gdb\data\province_1,Shape_Area,-1,-1" # D:\DH-MODIACHAT\Caohoc\Tinh.shp</Process></lineage></DataProperties></Esri><idinfo><native Sync="TRUE">Microsoft Windows XP Version 5.1 (Build 2600) Service Pack 3; ESRI ArcCatalog 9.3.1.3000</native><descript><langdata>English</langdata><abstract>Province boundary</abstract><purpose>To show the boundary of each province in Vietnam</purpose><supplinf>Scale of the data is 1:100 000</supplinf></descript><citation><citeinfo><origin>REQUIRED: The name of an organization or individual that developed the data set.</origin><pubdate>REQUIRED: The date when the data set is published or otherwise made available for release.</pubdate><title Sync="TRUE">Tinh</title><ftname Sync="TRUE">Tinh</ftname><geoform Sync="TRUE">vector digital data</geoform><onlink Sync="TRUE">\\HUONG-PC\D$\Baitap\Bai1\Tinh.shp</onlink></citeinfo></citation><timeperd><current>REQUIRED: The basis on which the time period of content information is determined.</current><timeinfo><sngdate><caldate>REQUIRED: The year (and optionally month, or month and day) for which the data set corresponds to the ground.</caldate></sngdate></timeinfo></timeperd><status><progress>In work</progress><update>As needed</update></status><spdom><bounding><westbc Sync="TRUE">102.124427</westbc><eastbc Sync="TRUE">109.746352</eastbc><northbc Sync="TRUE">23.393449</northbc><southbc Sync="TRUE">8.541439</southbc></bounding><lboundng><leftbc Sync="TRUE">206024.455200</leftbc><rightbc Sync="TRUE">985638.045400</rightbc><bottombc Sync="TRUE">946934.705900</bottombc><topbc Sync="TRUE">2587075.546800</topbc></lboundng></spdom><keywords><theme><themekt>REQUIRED: Reference to a formally registered thesaurus or a similar authoritative source of theme keywords.</themekt><themekey>Province boundary</themekey></theme><place><placekey>Vietnam</placekey></place></keywords><accconst>REQUIRED: Restrictions and legal prerequisites for accessing the data set.</accconst><useconst>REQUIRED: Restrictions and legal prerequisites for using the data set after access is granted.</useconst><natvform Sync="TRUE">Shapefile</natvform></idinfo><dataIdInfo><envirDesc Sync="TRUE">Microsoft Windows XP Version 5.1 (Build 2600) Service Pack 3; ESRI ArcCatalog 9.3.1.3000</envirDesc><dataLang><languageCode Sync="TRUE" value="en"></languageCode></dataLang><idCitation><resTitle Sync="TRUE">Tinh</resTitle><presForm><PresFormCd Sync="TRUE" value="005"></PresFormCd></presForm></idCitation><dataExt><geoEle><GeoBndBox esriExtentType="native"><westBL Sync="TRUE">206024.4552</westBL><eastBL Sync="TRUE">985638.0454</eastBL><northBL Sync="TRUE">2587075.5468</northBL><southBL Sync="TRUE">946934.7059</southBL><exTypeCode Sync="TRUE">1</exTypeCode></GeoBndBox></geoEle></dataExt><geoBox esriExtentType="decdegrees"><westBL Sync="TRUE">102.124427</westBL><eastBL Sync="TRUE">109.746352</eastBL><northBL Sync="TRUE">23.393449</northBL><southBL Sync="TRUE">8.541439</southBL><exTypeCode Sync="TRUE">1</exTypeCode></geoBox><spatRpType><SpatRepTypCd Sync="TRUE" value="001"></SpatRepTypCd></spatRpType></dataIdInfo><metainfo><langmeta Sync="TRUE">en</langmeta><metstdn Sync="TRUE">FGDC Content Standards for Digital Geospatial Metadata</metstdn><metstdv Sync="TRUE">FGDC-STD-001-1998</metstdv><mettc Sync="TRUE">local time</mettc><metc><cntinfo><cntorgp><cntper>REQUIRED: The person responsible for the metadata information.</cntper><cntorg>REQUIRED: The organization responsible for the metadata information.</cntorg></cntorgp><cntaddr><addrtype>REQUIRED: The mailing and/or physical address for the organization or individual.</addrtype><city>REQUIRED: The city of the address.</city><state>REQUIRED: The state or province of the address.</state><postal>REQUIRED: The ZIP or other postal code of the address.</postal></cntaddr><cntvoice>REQUIRED: The telephone number by which individuals can speak to the organization or individual.</cntvoice></cntinfo></metc><metd Sync="TRUE">20091028</metd><metextns><onlink Sync="TRUE">http://www.esri.com/metadata/esriprof80.html</onlink><metprof Sync="TRUE">ESRI Metadata Profile</metprof></metextns></metainfo><mdLang><languageCode Sync="TRUE" value="en"></languageCode></mdLang><mdStanName Sync="TRUE">ISO 19115 Geographic Information - Metadata</mdStanName><mdStanVer Sync="TRUE">DIS_ESRI1.0</mdStanVer><mdChar><CharSetCd Sync="TRUE" value="004"></CharSetCd></mdChar><mdHrLv><ScopeCd Sync="TRUE" value="005"></ScopeCd></mdHrLv><mdHrLvName Sync="TRUE">dataset</mdHrLvName><distinfo><resdesc Sync="TRUE">Downloadable Data</resdesc><stdorder><digform><digtinfo><transize Sync="TRUE">2.919</transize><dssize Sync="TRUE">2.919</dssize></digtinfo></digform></stdorder></distinfo><distInfo><distributor><distorTran><onLineSrc><orDesc Sync="TRUE">002</orDesc><linkage Sync="TRUE">file://\\HUONG-PC\D$\Baitap\Bai1\Tinh.shp</linkage><protocol Sync="TRUE">Local Area Network</protocol></onLineSrc><transSize Sync="TRUE">2.919</transSize></distorTran><distorFormat><formatName Sync="TRUE">Shapefile</formatName></distorFormat></distributor></distInfo><spdoinfo><direct Sync="TRUE">Vector</direct><ptvctinf><esriterm Name="Tinh"><efeatyp Sync="TRUE">Simple</efeatyp><efeageom Sync="TRUE">Polygon</efeageom><esritopo Sync="TRUE">FALSE</esritopo><efeacnt Sync="TRUE">61</efeacnt><spindex Sync="TRUE">TRUE</spindex><linrefer Sync="TRUE">FALSE</linrefer></esriterm><sdtsterm Name="Tinh"><sdtstype Sync="TRUE">G-polygon</sdtstype><ptvctcnt Sync="TRUE">61</ptvctcnt></sdtsterm></ptvctinf></spdoinfo><spref><horizsys><cordsysn><geogcsn Sync="TRUE">GCS_VN_2000</geogcsn><projcsn Sync="TRUE">VN_2000_UTM_Zone_48N</projcsn></cordsysn><planar><planci><plance Sync="TRUE">coordinate pair</plance><plandu Sync="TRUE">meters</plandu><coordrep><absres Sync="TRUE">0.000000</absres><ordres Sync="TRUE">0.000000</ordres></coordrep></planci><mapproj><mapprojn Sync="TRUE">Transverse Mercator</mapprojn><transmer><sfctrmer Sync="TRUE">0.999600</sfctrmer><longcm Sync="TRUE">105.000000</longcm><latprjo Sync="TRUE">0.000000</latprjo><feast Sync="TRUE">500000.000000</feast><fnorth Sync="TRUE">0.000000</fnorth></transmer></mapproj></planar><geodetic><horizdn Sync="TRUE">D_Vietnam_2000</horizdn><ellips Sync="TRUE">WGS_1984</ellips><semiaxis Sync="TRUE">6378137.000000</semiaxis><denflat Sync="TRUE">298.257224</denflat></geodetic></horizsys><vertdef><altsys><altenc Sync="TRUE">Explicit elevation coordinate included with horizontal coordinates</altenc><altres Sync="TRUE">0.000100</altres></altsys></vertdef></spref><refSysInfo><RefSystem><refSysID><identCode Sync="TRUE">VN_2000_UTM_Zone_48N</identCode></refSysID></RefSystem></refSysInfo><spatRepInfo><VectSpatRep><topLvl><TopoLevCd Sync="TRUE" value="001"></TopoLevCd></topLvl><geometObjs Name="Tinh"><geoObjTyp><GeoObjTypCd Sync="TRUE" value="001"></GeoObjTypCd></geoObjTyp><geoObjCnt Sync="TRUE">61</geoObjCnt></geometObjs></VectSpatRep></spatRepInfo><eainfo><detailed Name="Tinh"><enttyp><enttypl Sync="TRUE">Tinh</enttypl><enttypt Sync="TRUE">Feature Class</enttypt><enttypc Sync="TRUE">61</enttypc></enttyp><attr><attrlabl Sync="TRUE">FID</attrlabl><attalias Sync="TRUE">FID</attalias><attrtype Sync="TRUE">OID</attrtype><attwidth Sync="TRUE">4</attwidth><atprecis Sync="TRUE">0</atprecis><attscale Sync="TRUE">0</attscale><attrdef Sync="TRUE">Internal feature number.</attrdef><attrdefs Sync="TRUE">ESRI</attrdefs><attrdomv><udom Sync="TRUE">Sequential unique whole numbers that are automatically generated.</udom></attrdomv></attr><attr><attrlabl Sync="TRUE">Shape</attrlabl><attalias Sync="TRUE">Shape</attalias><attrtype Sync="TRUE">Geometry</attrtype><attwidth Sync="TRUE">0</attwidth><atprecis Sync="TRUE">0</atprecis><attscale Sync="TRUE">0</attscale><attrdef Sync="TRUE">Feature geometry.</attrdef><attrdefs Sync="TRUE">ESRI</attrdefs><attrdomv><udom Sync="TRUE">Coordinates defining the features.</udom></attrdomv></attr><attr><attrlabl Sync="TRUE">Province_n</attrlabl><attalias Sync="TRUE">Province_n</attalias><attrtype Sync="TRUE">String</attrtype><attwidth Sync="TRUE">30</attwidth></attr><attr><attrlabl Sync="TRUE">Population</attrlabl><attalias Sync="TRUE">Population</attalias><attrtype Sync="TRUE">Number</attrtype><attwidth Sync="TRUE">9</attwidth><attrdef>Polpulation of the province</attrdef></attr><attr><attrlabl Sync="TRUE">Province_a</attrlabl><attalias Sync="TRUE">Province_a</attalias><attrtype Sync="TRUE">Float</attrtype><attwidth Sync="TRUE">19</attwidth><atnumdec Sync="TRUE">11</atnumdec></attr><attr><attrlabl Sync="TRUE">Province_1</attrlabl><attalias Sync="TRUE">Province_1</attalias><attrtype Sync="TRUE">String</attrtype><attwidth Sync="TRUE">50</attwidth></attr><attr><attrlabl Sync="TRUE">Province_c</attrlabl><attalias Sync="TRUE">Province_c</attalias><attrtype Sync="TRUE">Number</attrtype><attwidth Sync="TRUE">4</attwidth></attr><attr><attrlabl Sync="TRUE">Province_W</attrlabl><attalias Sync="TRUE">Province_W</attalias><attrtype Sync="TRUE">String</attrtype><attwidth Sync="TRUE">100</attwidth></attr><attr><attrlabl Sync="TRUE">Shape_Leng</attrlabl><attalias Sync="TRUE">Shape_Leng</attalias><attrtype Sync="TRUE">Float</attrtype><attwidth Sync="TRUE">19</attwidth><atnumdec Sync="TRUE">11</atnumdec></attr><attr><attrlabl Sync="TRUE">Shape_Area</attrlabl><attalias Sync="TRUE">Shape_Area</attalias><attrtype Sync="TRUE">Float</attrtype><attwidth Sync="TRUE">19</attwidth><attrdef Sync="TRUE">Area of feature in internal units squared.</attrdef><attrdefs Sync="TRUE">ESRI</attrdefs><attrdomv><udom Sync="TRUE">Positive real numbers that are automatically generated.</udom></attrdomv><atnumdec Sync="TRUE">11</atnumdec></attr></detailed></eainfo><mdDateSt Sync="TRUE">20091028</mdDateSt></metadata>
