<?xml version="1.0"?>
<!--<!DOCTYPE metadata SYSTEM "http://www.esri.com/metadata/esriprof80.dtd">-->
<metadata xml:lang="en"><Esri><MetaID>{1D45728E-E3CF-4652-A125-98655DE15B7E}</MetaID><CreaDate>20081225</CreaDate><CreaTime>11020800</CreaTime><SyncOnce>FALSE</SyncOnce><SyncDate>20090926</SyncDate><SyncTime>17412300</SyncTime><ModDate>20090926</ModDate><ModTime>17412300</ModTime><DataProperties><lineage><Process ToolSource="C:\Program Files\ArcGIS\ArcToolbox\Toolboxes\Conversion Tools.tbx\FeatureClassToFeatureClass" Date="20090903" Time="152208">FeatureClassToFeatureClass D:\Data\Vietnamese_GIS_data\VN_administration.gdb\Provincial_committee D:\Data\Vietnamese_GIS_data\VN_administration.gdb\data Provincial_committee_1 # "Province_name 'Province_name' true true false 50 Text 0 0 ,First,#,D:\Data\Vietnamese_GIS_data\VN_administration.gdb\Provincial_committee,Province_name,-1,-1;Place 'Place' true true false 50 Text 0 0 ,First,#,D:\Data\Vietnamese_GIS_data\VN_administration.gdb\Provincial_committee,Place,-1,-1;Adm_level 'Adm_level' true true false 50 Text 0 0 ,First,#,D:\Data\Vietnamese_GIS_data\VN_administration.gdb\Provincial_committee,Adm_level,-1,-1;Province_name_Vietnamese 'Province_name_Vietnamese' true true false 50 Text 0 0 ,First,#,D:\Data\Vietnamese_GIS_data\VN_administration.gdb\Provincial_committee,Province_name_Vietnamese,-1,-1;Place_Vietnamese 'Place_Vietnamese' true true false 50 Text 0 0 ,First,#,D:\Data\Vietnamese_GIS_data\VN_administration.gdb\Provincial_committee,Place_Vietnamese,-1,-1;Province_code 'Province_code' true true false 2 Short 0 0 ,First,#,D:\Data\Vietnamese_GIS_data\VN_administration.gdb\Provincial_committee,Province_code,-1,-1;Admin_level_Vietnamese 'Admin_level_Vietnamese' true true false 50 Text 0 0 ,First,#,D:\Data\Vietnamese_GIS_data\VN_administration.gdb\Provincial_committee,Admin_level_Vietnamese,-1,-1" # D:\Data\Vietnamese_GIS_data\VN_administration.gdb\data\Provincial_committee_1</Process><Process ToolSource="C:\Program Files\ArcGIS\ArcToolbox\Toolboxes\Conversion Tools.tbx\FeatureClassToFeatureClass" Date="20090926" Time="174123">FeatureClassToFeatureClass D:\DH-MODIACHAT\Vietnamese_GIS_data\VN_administration.gdb\data\Provincial_committee_1 D:\DH-MODIACHAT\Caohoc UBND_tinh.shp # "Province_n 'Province_n' true true false 50 Text 0 0 ,First,#,D:\DH-MODIACHAT\Vietnamese_GIS_data\VN_administration.gdb\data\Provincial_committee_1,Province_name,-1,-1;Place 'Place' true true false 50 Text 0 0 ,First,#,D:\DH-MODIACHAT\Vietnamese_GIS_data\VN_administration.gdb\data\Provincial_committee_1,Place,-1,-1;Adm_level 'Adm_level' true true false 50 Text 0 0 ,First,#,D:\DH-MODIACHAT\Vietnamese_GIS_data\VN_administration.gdb\data\Provincial_committee_1,Adm_level,-1,-1;Province_1 'Province_1' true true false 50 Text 0 0 ,First,#,D:\DH-MODIACHAT\Vietnamese_GIS_data\VN_administration.gdb\data\Provincial_committee_1,Province_name_Vietnamese,-1,-1;Place_Viet 'Place_Viet' true true false 50 Text 0 0 ,First,#,D:\DH-MODIACHAT\Vietnamese_GIS_data\VN_administration.gdb\data\Provincial_committee_1,Place_Vietnamese,-1,-1;Province_c 'Province_c' true true false 2 Short 0 0 ,First,#,D:\DH-MODIACHAT\Vietnamese_GIS_data\VN_administration.gdb\data\Provincial_committee_1,Province_code,-1,-1;Admin_leve 'Admin_leve' true true false 50 Text 0 0 ,First,#,D:\DH-MODIACHAT\Vietnamese_GIS_data\VN_administration.gdb\data\Provincial_committee_1,Admin_level_Vietnamese,-1,-1" # D:\DH-MODIACHAT\Caohoc\UBND_tinh.shp</Process></lineage></DataProperties></Esri><idinfo><native Sync="TRUE">Microsoft Windows XP Version 5.1 (Build 2600) Service Pack 3; ESRI ArcCatalog 9.3.1.3000</native><descript><langdata>English</langdata><abstract>Provincial committee location</abstract><purpose>To show the location of the province committee</purpose><supplinf>Scale of the data 1: 100 000</supplinf></descript><citation><citeinfo><origin>REQUIRED: The name of an organization or individual that developed the data set.</origin><pubdate>REQUIRED: The date when the data set is published or otherwise made available for release.</pubdate><title Sync="TRUE">UBND_tinh</title><ftname Sync="TRUE">UBND_tinh</ftname><geoform Sync="TRUE">vector digital data</geoform><onlink Sync="TRUE">\\HUONG-PC\D$\DH-MODIACHAT\Caohoc\UBND_tinh.shp</onlink></citeinfo></citation><timeperd><current>REQUIRED: The basis on which the time period of content information is determined.</current><timeinfo><sngdate><caldate>REQUIRED: The year (and optionally month, or month and day) for which the data set corresponds to the ground.</caldate></sngdate></timeinfo></timeperd><status><progress>In work</progress><update>As needed</update></status><spdom><bounding><westbc Sync="TRUE">103.155348</westbc><eastbc Sync="TRUE">109.539183</eastbc><northbc Sync="TRUE">22.826610</northbc><southbc Sync="TRUE">9.145494</southbc></bounding><lboundng><leftbc Sync="TRUE">18310599.961905</leftbc><rightbc Sync="TRUE">18966532.723810</rightbc><bottombc Sync="TRUE">1014108.266667</bottombc><topbc Sync="TRUE">2525380.895238</topbc></lboundng></spdom><keywords><theme><themekt>REQUIRED: Reference to a formally registered thesaurus or a similar authoritative source of theme keywords.</themekt><themekey>provincial committee</themekey></theme><place><placekey>Vietnam</placekey></place></keywords><accconst>REQUIRED: Restrictions and legal prerequisites for accessing the data set.</accconst><useconst>REQUIRED: Restrictions and legal prerequisites for using the data set after access is granted.</useconst><natvform Sync="TRUE">Shapefile</natvform></idinfo><dataIdInfo><envirDesc Sync="TRUE">Microsoft Windows XP Version 5.1 (Build 2600) Service Pack 3; ESRI ArcCatalog 9.3.1.3000</envirDesc><dataLang><languageCode Sync="TRUE" value="en"></languageCode></dataLang><idCitation><resTitle Sync="TRUE">UBND_tinh</resTitle><presForm><PresFormCd Sync="TRUE" value="005"></PresFormCd></presForm></idCitation><dataExt><geoEle><GeoBndBox esriExtentType="native"><westBL Sync="TRUE">18310599.961905</westBL><eastBL Sync="TRUE">18966532.72381</eastBL><northBL Sync="TRUE">2525380.895238</northBL><southBL Sync="TRUE">1014108.266667</southBL><exTypeCode Sync="TRUE">1</exTypeCode></GeoBndBox></geoEle></dataExt><geoBox esriExtentType="decdegrees"><westBL Sync="TRUE">103.155348</westBL><eastBL Sync="TRUE">109.539183</eastBL><northBL Sync="TRUE">22.82661</northBL><southBL Sync="TRUE">9.145494</southBL><exTypeCode Sync="TRUE">1</exTypeCode></geoBox><spatRpType><SpatRepTypCd Sync="TRUE" value="001"></SpatRepTypCd></spatRpType></dataIdInfo><metainfo><langmeta Sync="TRUE">en</langmeta><metstdn Sync="TRUE">FGDC Content Standards for Digital Geospatial Metadata</metstdn><metstdv Sync="TRUE">FGDC-STD-001-1998</metstdv><mettc Sync="TRUE">local time</mettc><metc><cntinfo><cntorgp><cntper>REQUIRED: The person responsible for the metadata information.</cntper><cntorg>REQUIRED: The organization responsible for the metadata information.</cntorg></cntorgp><cntaddr><addrtype>REQUIRED: The mailing and/or physical address for the organization or individual.</addrtype><city>REQUIRED: The city of the address.</city><state>REQUIRED: The state or province of the address.</state><postal>REQUIRED: The ZIP or other postal code of the address.</postal></cntaddr><cntvoice>REQUIRED: The telephone number by which individuals can speak to the organization or individual.</cntvoice></cntinfo></metc><metd Sync="TRUE">20090926</metd><metextns><onlink Sync="TRUE">http://www.esri.com/metadata/esriprof80.html</onlink><metprof Sync="TRUE">ESRI Metadata Profile</metprof></metextns></metainfo><mdLang><languageCode Sync="TRUE" value="en"></languageCode></mdLang><mdStanName Sync="TRUE">ISO 19115 Geographic Information - Metadata</mdStanName><mdStanVer Sync="TRUE">DIS_ESRI1.0</mdStanVer><mdChar><CharSetCd Sync="TRUE" value="004"></CharSetCd></mdChar><mdHrLv><ScopeCd Sync="TRUE" value="005"></ScopeCd></mdHrLv><mdHrLvName Sync="TRUE">dataset</mdHrLvName><distinfo><resdesc Sync="TRUE">Downloadable Data</resdesc><stdorder><digform><digtinfo><transize Sync="TRUE">0.000</transize><dssize Sync="TRUE">0.000</dssize></digtinfo></digform></stdorder></distinfo><distInfo><distributor><distorTran><onLineSrc><orDesc Sync="TRUE">002</orDesc><linkage Sync="TRUE">file://\\HUONG-PC\D$\DH-MODIACHAT\Caohoc\UBND_tinh.shp</linkage><protocol Sync="TRUE">Local Area Network</protocol></onLineSrc><transSize Sync="TRUE">0.000</transSize></distorTran><distorFormat><formatName Sync="TRUE">Shapefile</formatName></distorFormat></distributor></distInfo><spdoinfo><direct Sync="TRUE">Vector</direct><ptvctinf><esriterm Name="UBND_tinh"><efeatyp Sync="TRUE">Simple</efeatyp><efeageom Sync="TRUE">Point</efeageom><esritopo Sync="TRUE">FALSE</esritopo><efeacnt Sync="TRUE">0</efeacnt><spindex Sync="TRUE">FALSE</spindex><linrefer Sync="TRUE">FALSE</linrefer></esriterm><sdtsterm Name="UBND_tinh"><sdtstype Sync="TRUE">Entity point</sdtstype><ptvctcnt Sync="TRUE">0</ptvctcnt></sdtsterm></ptvctinf></spdoinfo><spref><horizsys><cordsysn><geogcsn Sync="TRUE">GCS_VN_2000</geogcsn><projcsn Sync="TRUE">VN_2000_UTM_Zone_48N</projcsn></cordsysn><planar><planci><plance Sync="TRUE">coordinate pair</plance><plandu Sync="TRUE">meters</plandu><coordrep><absres Sync="TRUE">0.000000</absres><ordres Sync="TRUE">0.000000</ordres></coordrep></planci><mapproj><mapprojn Sync="TRUE">Transverse Mercator</mapprojn><transmer><sfctrmer Sync="TRUE">0.999600</sfctrmer><longcm Sync="TRUE">105.000000</longcm><latprjo Sync="TRUE">0.000000</latprjo><feast Sync="TRUE">500000.000000</feast><fnorth Sync="TRUE">0.000000</fnorth></transmer></mapproj></planar><geodetic><horizdn Sync="TRUE">D_Vietnam_2000</horizdn><ellips Sync="TRUE">WGS_1984</ellips><semiaxis Sync="TRUE">6378137.000000</semiaxis><denflat Sync="TRUE">298.257224</denflat></geodetic></horizsys><vertdef><altsys><altenc Sync="TRUE">Explicit elevation coordinate included with horizontal coordinates</altenc><altres Sync="TRUE">0.000100</altres></altsys></vertdef></spref><refSysInfo><RefSystem><refSysID><identCode Sync="TRUE">VN_2000_UTM_Zone_48N</identCode></refSysID></RefSystem></refSysInfo><spatRepInfo><VectSpatRep><topLvl><TopoLevCd Sync="TRUE" value="001"></TopoLevCd></topLvl><geometObjs Name="UBND_tinh"><geoObjTyp><GeoObjTypCd Sync="TRUE" value="004"></GeoObjTypCd></geoObjTyp><geoObjCnt Sync="TRUE">0</geoObjCnt></geometObjs></VectSpatRep></spatRepInfo><eainfo><detailed Name="UBND_tinh"><enttyp><enttypl Sync="TRUE">UBND_tinh</enttypl><enttypt Sync="TRUE">Feature Class</enttypt><enttypc Sync="TRUE">0</enttypc></enttyp><attr><attrlabl Sync="TRUE">FID</attrlabl><attalias Sync="TRUE">FID</attalias><attrtype Sync="TRUE">OID</attrtype><attwidth Sync="TRUE">4</attwidth><atprecis Sync="TRUE">0</atprecis><attscale Sync="TRUE">0</attscale><attrdef Sync="TRUE">Internal feature number.</attrdef><attrdefs Sync="TRUE">ESRI</attrdefs><attrdomv><udom Sync="TRUE">Sequential unique whole numbers that are automatically generated.</udom></attrdomv></attr><attr><attrlabl Sync="TRUE">Shape</attrlabl><attalias Sync="TRUE">Shape</attalias><attrtype Sync="TRUE">Geometry</attrtype><attwidth Sync="TRUE">0</attwidth><atprecis Sync="TRUE">0</atprecis><attscale Sync="TRUE">0</attscale><attrdef Sync="TRUE">Feature geometry.</attrdef><attrdefs Sync="TRUE">ESRI</attrdefs><attrdomv><udom Sync="TRUE">Coordinates defining the features.</udom></attrdomv></attr><attr><attrlabl Sync="TRUE">Province_n</attrlabl><attalias Sync="TRUE">Province_n</attalias><attrtype Sync="TRUE">String</attrtype><attwidth Sync="TRUE">50</attwidth></attr><attr><attrlabl Sync="TRUE">Place</attrlabl><attalias Sync="TRUE">Place</attalias><attrtype Sync="TRUE">String</attrtype><attwidth Sync="TRUE">50</attwidth><attrdef>Place in the province where the committee is located</attrdef><attrdefs>MONRE</attrdefs></attr><attr><attrlabl Sync="TRUE">Adm_level</attrlabl><attalias Sync="TRUE">Adm_level</attalias><attrtype Sync="TRUE">String</attrtype><attwidth Sync="TRUE">50</attwidth><attrdef>Level of the administration which the committee belongings to</attrdef></attr><attr><attrlabl Sync="TRUE">Province_1</attrlabl><attalias Sync="TRUE">Province_1</attalias><attrtype Sync="TRUE">String</attrtype><attwidth Sync="TRUE">50</attwidth></attr><attr><attrlabl Sync="TRUE">Place_Viet</attrlabl><attalias Sync="TRUE">Place_Viet</attalias><attrtype Sync="TRUE">String</attrtype><attwidth Sync="TRUE">50</attwidth></attr><attr><attrlabl Sync="TRUE">Province_c</attrlabl><attalias Sync="TRUE">Province_c</attalias><attrtype Sync="TRUE">Number</attrtype><attwidth Sync="TRUE">4</attwidth></attr><attr><attrlabl Sync="TRUE">Admin_leve</attrlabl><attalias Sync="TRUE">Admin_leve</attalias><attrtype Sync="TRUE">String</attrtype><attwidth Sync="TRUE">50</attwidth></attr></detailed></eainfo><mdDateSt Sync="TRUE">20090926</mdDateSt></metadata>
