<?xml version="1.0"?>
<!--<!DOCTYPE metadata SYSTEM "http://www.esri.com/metadata/esriprof80.dtd">-->
<metadata xml:lang="en"><Esri><CreaDate>20080725</CreaDate><CreaTime>09254600</CreaTime><SyncOnce>FALSE</SyncOnce><SyncDate>20090928</SyncDate><SyncTime>19172400</SyncTime><ModDate>20090928</ModDate><ModTime>19172400</ModTime><MetaID>{A9248D3B-6B89-4F81-9071-FD6FA07E8737}</MetaID><DataProperties><lineage><Process ToolSource="C:\Program Files\ArcGIS\ArcToolbox\Toolboxes\Conversion Tools.tbx\FeatureClassToFeatureClass" Date="20090904" Time="133509">FeatureClassToFeatureClass "D:\Data\CEMDI data\New File Geodatabase.gdb\Ranh_gioi_hanh_chinh\XA_100K" D:\Data\Vietnamese_GIS_data\VN_administration.gdb\data commune_polygon_1 # "MA_XA 'MA_XA' true true false 7 Text 0 0 ,First,#,D:\Data\CEMDI data\New File Geodatabase.gdb\Ranh_gioi_hanh_chinh\XA_100K,MA_XA,-1,-1;TEN_XA 'TEN_XA' true true false 20 Text 0 0 ,First,#,D:\Data\CEMDI data\New File Geodatabase.gdb\Ranh_gioi_hanh_chinh\XA_100K,TEN_XA,-1,-1;DIENTICH 'DIENTICH' true true false 8 Double 0 0 ,First,#,D:\Data\CEMDI data\New File Geodatabase.gdb\Ranh_gioi_hanh_chinh\XA_100K,DIENTICH,-1,-1;SHAPE_Length 'SHAPE_Length' false true true 8 Double 0 0 ,First,#,D:\Data\CEMDI data\New File Geodatabase.gdb\Ranh_gioi_hanh_chinh\XA_100K,SHAPE_Length,-1,-1;SHAPE_Area 'SHAPE_Area' false true true 8 Double 0 0 ,First,#,D:\Data\CEMDI data\New File Geodatabase.gdb\Ranh_gioi_hanh_chinh\XA_100K,SHAPE_Area,-1,-1" # D:\Data\Vietnamese_GIS_data\VN_administration.gdb\data\commune_polygon_1</Process><Process ToolSource="C:\Program Files\ArcGIS\ArcToolbox\Toolboxes\Conversion Tools.tbx\FeatureClassToFeatureClass" Date="20090926" Time="173955">FeatureClassToFeatureClass D:\DH-MODIACHAT\Vietnamese_GIS_data\VN_administration.gdb\data\commune_polygon_1 D:\DH-MODIACHAT\Caohoc xa.shp # "MA_XA 'MA_XA' true true false 7 Text 0 0 ,First,#,D:\DH-MODIACHAT\Vietnamese_GIS_data\VN_administration.gdb\data\commune_polygon_1,MA_XA,-1,-1;TEN_XA 'TEN_XA' true true false 20 Text 0 0 ,First,#,D:\DH-MODIACHAT\Vietnamese_GIS_data\VN_administration.gdb\data\commune_polygon_1,TEN_XA,-1,-1;DIENTICH 'DIENTICH' true true false 8 Double 0 0 ,First,#,D:\DH-MODIACHAT\Vietnamese_GIS_data\VN_administration.gdb\data\commune_polygon_1,DIENTICH,-1,-1;Shape_Leng 'Shape_Length' false true true 8 Double 0 0 ,First,#,D:\DH-MODIACHAT\Vietnamese_GIS_data\VN_administration.gdb\data\commune_polygon_1,Shape_Length,-1,-1;Shape_Area 'Shape_Area' false true true 8 Double 0 0 ,First,#,D:\DH-MODIACHAT\Vietnamese_GIS_data\VN_administration.gdb\data\commune_polygon_1,Shape_Area,-1,-1" # D:\DH-MODIACHAT\Caohoc\xa.shp</Process></lineage></DataProperties></Esri><idinfo><native Sync="TRUE">Microsoft Windows XP Version 5.1 (Build 2600) Service Pack 3; ESRI ArcCatalog 9.3.1.3000</native><descript><langdata Sync="TRUE">en</langdata><abstract>REQUIRED: A brief narrative summary of the data set.</abstract><purpose>REQUIRED: A summary of the intentions with which the data set was developed.</purpose></descript><citation><citeinfo><origin>REQUIRED: The name of an organization or individual that developed the data set.</origin><pubdate>REQUIRED: The date when the data set is published or otherwise made available for release.</pubdate><title Sync="TRUE">xa</title><ftname Sync="TRUE">xa</ftname><geoform Sync="TRUE">vector digital data</geoform><onlink Sync="TRUE">\\HUONG-PC\D$\DH-MODIACHAT\Caohoc\xa.shp</onlink></citeinfo></citation><timeperd><current>REQUIRED: The basis on which the time period of content information is determined.</current><timeinfo><sngdate><caldate>REQUIRED: The year (and optionally month, or month and day) for which the data set corresponds to the ground.</caldate></sngdate></timeinfo></timeperd><status><progress>REQUIRED: The state of the data set.</progress><update>REQUIRED: The frequency with which changes and additions are made to the data set after the initial data set is completed.</update></status><spdom><bounding><westbc Sync="TRUE">102.124428</westbc><eastbc Sync="TRUE">109.738454</eastbc><northbc Sync="TRUE">23.393450</northbc><southbc Sync="TRUE">8.541522</southbc></bounding><lboundng><leftbc Sync="TRUE">206024.596500</leftbc><rightbc Sync="TRUE">984827.790000</rightbc><bottombc Sync="TRUE">946934.691800</bottombc><topbc Sync="TRUE">2587075.634700</topbc></lboundng></spdom><keywords><theme><themekt>REQUIRED: Reference to a formally registered thesaurus or a similar authoritative source of theme keywords.</themekt><themekey>REQUIRED: Common-use word or phrase used to describe the subject of the data set.</themekey></theme></keywords><accconst>REQUIRED: Restrictions and legal prerequisites for accessing the data set.</accconst><useconst>REQUIRED: Restrictions and legal prerequisites for using the data set after access is granted.</useconst><natvform Sync="TRUE">Shapefile</natvform></idinfo><metainfo><langmeta Sync="TRUE">en</langmeta><metstdn Sync="TRUE">FGDC Content Standards for Digital Geospatial Metadata</metstdn><metstdv Sync="TRUE">FGDC-STD-001-1998</metstdv><mettc Sync="TRUE">local time</mettc><metc><cntinfo><cntorgp><cntper>REQUIRED: The person responsible for the metadata information.</cntper><cntorg>REQUIRED: The organization responsible for the metadata information.</cntorg></cntorgp><cntaddr><addrtype>REQUIRED: The mailing and/or physical address for the organization or individual.</addrtype><city>REQUIRED: The city of the address.</city><state>REQUIRED: The state or province of the address.</state><postal>REQUIRED: The ZIP or other postal code of the address.</postal></cntaddr><cntvoice>REQUIRED: The telephone number by which individuals can speak to the organization or individual.</cntvoice></cntinfo></metc><metd Sync="TRUE">20090928</metd><metextns><onlink Sync="TRUE">http://www.esri.com/metadata/esriprof80.html</onlink><metprof Sync="TRUE">ESRI Metadata Profile</metprof></metextns></metainfo><spdoinfo><direct Sync="TRUE">Vector</direct><ptvctinf><esriterm Name="xa"><efeatyp Sync="TRUE">Simple</efeatyp><efeageom Sync="TRUE">Polygon</efeageom><esritopo Sync="TRUE">FALSE</esritopo><efeacnt Sync="TRUE">10861</efeacnt><spindex Sync="TRUE">TRUE</spindex><linrefer Sync="TRUE">FALSE</linrefer></esriterm><sdtsterm Name="xa"><sdtstype Sync="TRUE">G-polygon</sdtstype><ptvctcnt Sync="TRUE">10861</ptvctcnt></sdtsterm></ptvctinf></spdoinfo><spref><horizsys><cordsysn><geogcsn Sync="TRUE">GCS_VN_2000</geogcsn><projcsn Sync="TRUE">VN_2000_UTM_Zone_48N</projcsn></cordsysn><planar><planci><plance Sync="TRUE">coordinate pair</plance><plandu Sync="TRUE">meters</plandu><coordrep><absres Sync="TRUE">0.000000</absres><ordres Sync="TRUE">0.000000</ordres></coordrep></planci><mapproj><mapprojn Sync="TRUE">Transverse Mercator</mapprojn><transmer><sfctrmer Sync="TRUE">0.999600</sfctrmer><longcm Sync="TRUE">105.000000</longcm><latprjo Sync="TRUE">0.000000</latprjo><feast Sync="TRUE">500000.000000</feast><fnorth Sync="TRUE">0.000000</fnorth></transmer></mapproj></planar><geodetic><horizdn Sync="TRUE">D_Vietnam_2000</horizdn><ellips Sync="TRUE">WGS_1984</ellips><semiaxis Sync="TRUE">6378137.000000</semiaxis><denflat Sync="TRUE">298.257224</denflat></geodetic></horizsys><vertdef><altsys><altenc Sync="TRUE">Explicit elevation coordinate included with horizontal coordinates</altenc><altres Sync="TRUE">0.000100</altres></altsys></vertdef></spref><eainfo><detailed Name="xa"><enttyp><enttypl Sync="TRUE">xa</enttypl><enttypt Sync="TRUE">Feature Class</enttypt><enttypc Sync="TRUE">10861</enttypc></enttyp><attr><attrlabl Sync="TRUE">FID</attrlabl><attalias Sync="TRUE">FID</attalias><attrtype Sync="TRUE">OID</attrtype><attwidth Sync="TRUE">4</attwidth><atprecis Sync="TRUE">0</atprecis><attscale Sync="TRUE">0</attscale><attrdef Sync="TRUE">Internal feature number.</attrdef><attrdefs Sync="TRUE">ESRI</attrdefs><attrdomv><udom Sync="TRUE">Sequential unique whole numbers that are automatically generated.</udom></attrdomv></attr><attr><attrlabl Sync="TRUE">MA_XA</attrlabl><attalias Sync="TRUE">MA_XA</attalias><attrtype Sync="TRUE">String</attrtype><attwidth Sync="TRUE">7</attwidth></attr><attr><attrlabl Sync="TRUE">TEN_XA</attrlabl><attalias Sync="TRUE">TEN_XA</attalias><attrtype Sync="TRUE">String</attrtype><attwidth Sync="TRUE">20</attwidth></attr><attr><attrlabl Sync="TRUE">DIENTICH</attrlabl><attalias Sync="TRUE">DIENTICH</attalias><attrtype Sync="TRUE">Float</attrtype><attwidth Sync="TRUE">19</attwidth><atnumdec Sync="TRUE">11</atnumdec></attr><attr><attrlabl Sync="TRUE">SHAPE</attrlabl><attalias Sync="TRUE">Shape</attalias><attrtype Sync="TRUE">Geometry</attrtype><attwidth Sync="TRUE">0</attwidth><atprecis Sync="TRUE">0</atprecis><attscale Sync="TRUE">0</attscale><attrdef Sync="TRUE">Feature geometry.</attrdef><attrdefs Sync="TRUE">ESRI</attrdefs><attrdomv><udom Sync="TRUE">Coordinates defining the features.</udom></attrdomv></attr><attr><attrlabl Sync="TRUE">Shape_Leng</attrlabl><attalias Sync="TRUE">Shape_Leng</attalias><attrtype Sync="TRUE">Float</attrtype><attwidth Sync="TRUE">19</attwidth><atnumdec Sync="TRUE">11</atnumdec></attr><attr><attrlabl Sync="TRUE">Shape_Area</attrlabl><attalias Sync="TRUE">Shape_Area</attalias><attrtype Sync="TRUE">Float</attrtype><attwidth Sync="TRUE">19</attwidth><attrdef Sync="TRUE">Area of feature in internal units squared.</attrdef><attrdefs Sync="TRUE">ESRI</attrdefs><attrdomv><udom Sync="TRUE">Positive real numbers that are automatically generated.</udom></attrdomv><atnumdec Sync="TRUE">11</atnumdec></attr></detailed></eainfo><distInfo><distributor><distorTran><onLineSrc><linkage Sync="TRUE">file://\\HUONG-PC\D$\DH-MODIACHAT\Caohoc\xa.shp</linkage><protocol Sync="TRUE">Local Area Network</protocol><orDesc Sync="TRUE">002</orDesc></onLineSrc><transSize Sync="TRUE">23.994</transSize></distorTran><distorFormat><formatName Sync="TRUE">Shapefile</formatName></distorFormat></distributor></distInfo><dataqual><lineage><procstep><procdesc Sync="TRUE">Dataset copied.</procdesc><srcused Sync="TRUE">Server=srv-01; Service=esri_sde; Database=GISNEAV; User=sde; Version=SDE.DEFAULT</srcused><date Sync="TRUE">20040723</date><time Sync="TRUE">15382100</time></procstep><procstep><procdesc Sync="TRUE">Dataset copied.</procdesc><srcused Sync="TRUE">\\PHAMTHUY\E$\Phuong_DL on Leminhphuong\back_upSDE.mdb</srcused><date Sync="TRUE">20080725</date><time Sync="TRUE">09254600</time></procstep></lineage></dataqual><dataIdInfo><envirDesc Sync="TRUE">Microsoft Windows XP Version 5.1 (Build 2600) Service Pack 3; ESRI ArcCatalog 9.3.1.3000</envirDesc><dataLang><languageCode Sync="TRUE" value="en"></languageCode></dataLang><idCitation><resTitle Sync="TRUE">xa</resTitle><presForm><PresFormCd Sync="TRUE" value="005"></PresFormCd></presForm></idCitation><spatRpType><SpatRepTypCd Sync="TRUE" value="001"></SpatRepTypCd></spatRpType><dataExt><geoEle><GeoBndBox esriExtentType="native"><westBL Sync="TRUE">206024.5965</westBL><eastBL Sync="TRUE">984827.79</eastBL><northBL Sync="TRUE">2587075.6347</northBL><southBL Sync="TRUE">946934.6918</southBL><exTypeCode Sync="TRUE">1</exTypeCode></GeoBndBox></geoEle></dataExt><geoBox esriExtentType="decdegrees"><westBL Sync="TRUE">102.124428</westBL><eastBL Sync="TRUE">109.738454</eastBL><northBL Sync="TRUE">23.39345</northBL><southBL Sync="TRUE">8.541522</southBL><exTypeCode Sync="TRUE">1</exTypeCode></geoBox></dataIdInfo><mdLang><languageCode Sync="TRUE" value="en"></languageCode></mdLang><mdStanName Sync="TRUE">ISO 19115 Geographic Information - Metadata</mdStanName><mdStanVer Sync="TRUE">DIS_ESRI1.0</mdStanVer><mdChar><CharSetCd Sync="TRUE" value="004"></CharSetCd></mdChar><mdHrLv><ScopeCd Sync="TRUE" value="005"></ScopeCd></mdHrLv><mdHrLvName Sync="TRUE">dataset</mdHrLvName><distinfo><resdesc Sync="TRUE">Downloadable Data</resdesc><stdorder><digform><digtinfo><transize Sync="TRUE">23.994</transize><dssize Sync="TRUE">23.994</dssize></digtinfo></digform></stdorder></distinfo><refSysInfo><RefSystem><refSysID><identCode Sync="TRUE">VN_2000_UTM_Zone_48N</identCode></refSysID></RefSystem></refSysInfo><spatRepInfo><VectSpatRep><topLvl><TopoLevCd Sync="TRUE" value="001"></TopoLevCd></topLvl><geometObjs Name="xa"><geoObjTyp><GeoObjTypCd Sync="TRUE" value="001"></GeoObjTypCd></geoObjTyp><geoObjCnt Sync="TRUE">10861</geoObjCnt></geometObjs></VectSpatRep></spatRepInfo><mdDateSt Sync="TRUE">20090928</mdDateSt></metadata>
